5.6792,18.502,12.478
2.7065,17.861,13.677
-4.1308,19.533,-9.7566
0.69827,1.1724,7.7325
12.603,2.8111,1.2878
3.5137,6.4572,6.4626
5.0502,16.671,-2.8039
-9.225,4.0108,-3.1758
12.529,17.76,-0.38837
4.326,2.9275,-3.5498
0.097383,15.599,7.841
2.2036,0.7298,-4.6594
-7.399,6.1233,4.8463
-4.973,14.779,-9.2503
4.1267,2.207,5.9589
3.6284,14.298,6.3766
-2.2464,15.259,-10.549
3.0629,17.18,13.574
0.19927,6.4342,-11.012
12.586,3.5359,0.28487
0.03036,15.482,-4.7187
-7.1463,13.746,-7.308
7.3735,5.3352,11.383
0.25998,9.1978,7.8164
8.2895,5.6404,-8.3648
6.1891,3.046,2.4663
4.1381,14.453,5.9484
0.9767,2.4815,7.6653
3.8254,14.018,-3.9299
8.3848,10.775,-8.2842
3.3131,6.9756,-4.2342
-9.455,1.1179,-1.6448
-8.24,5.0801,-5.7218
10.945,13.355,-5.2109
5.9139,5.1886,3.3549
10.542,13.584,-5.8562
1.6592,1.6477,7.4524
-9.2593,9.3513,-3.0234
4.7992,15.701,5.2506
9.2741,16.383,9.6315
-8.8372,2.1595,2.4063
6.5115,17.748,-9.5904
9.6481,14.512,9.1947
-4.0009,8.249,-9.8256
6.0846,18.555,-9.8178
-7.9592,10.131,4.0928
-1.323,12.238,-10.793
9.5438,2.0954,9.3204
2.7312,9.6161,-10.904
3.9761,15.485,13.263
9.8833,16.821,-6.7481
-5.4671,6.6773,6.571
3.7467,12.132,-3.9818
0.68111,12.109,7.7362
-8.3555,10.628,3.4365
8.6362,10.864,10.297
4.8148,10.827,-10.367
6.0062,15.049,-1.0882
5.9189,16.219,-9.9
3.9547,16.109,-3.8402
6.1972,15.305,-9.76
12.199,14.535,-2.171
5.9876,20.948,-1.1397
-6.5872,6.9053,-7.9206
3.8821,13.947,6.1735
0.99704,16.384,-4.8144
0.95955,20.746,14.036
2.2946,12.088,7.1876
3.9158,1.5462,-3.8678
-9.0437,6.9618,1.8238
10.282,8.1462,-6.2286
-9.3016,5.0534,0.81559
-4.6915,7.5641,7.0197
6.1959,11.17,-0.44335
4.6163,16.762,5.4632
-4.5663,18.005,7.0822
-7.9229,18.036,4.1469
6.3609,5.2223,0.95217
-2.6712,6.3307,7.7383
-3.4178,18.732,7.5411
7.2111,5.566,11.504
-9.2731,11.742,-2.9586
-3.2481,18.008,7.5926
10.666,6.793,7.7694
5.6733,6.8036,-1.8513
0.44032,19.719,7.785
-8.5711,17.693,3.0163
-1.0753,3.5232,-10.844
12.038,12.397,-2.7303
4.8687,8.9553,-3.018
11.076,2.1653,7.0586
-6.9585,5.1467,-7.5251
7.519,20.283,11.271
0.59084,15.97,7.7555
11.117,2.5997,-4.904
8.4207,7.3535,-8.2534
-5.9719,4.5797,-8.4934
1.8191,5.3006,7.3922
9.931,14.067,-6.6889
6.2658,16.441,-0.10366
-8.5148,20.083,-5.1906
11.431,7.2958,-4.285
-5.7487,3.7185,6.3793
-4.1589,13.013,7.2679
-9.4771,5.6209,-1.0616
4.6942,8.4303,12.966
1.4805,6.0817,7.515
10.562,10.711,-5.826
0.72897,7.0023,-11.037
5.5644,11.654,-2.0504
4.8144,7.0391,5.2321
2.0388,10.169,-4.6985
3.0248,0.96885,-4.3733
-9.1225,6.1947,1.5616
-6.7659,15.671,-7.7355
1.6762,15.122,13.917
-9.2628,4.8081,1.003
-3.4747,5.4474,7.523
12.595,2.1939,0.48408
12.031,7.6938,-2.7503
4.4095,17.297,5.6845
-7.631,20.13,4.5543
-5.3348,1.4942,-8.9978
0.16927,5.6105,7.8305
-5.093,18.802,-9.169
0.60601,17.997,7.7523
-9.3966,0.83991,0.23658
6.3607,20.749,1.0501
11.248,16.605,-4.656
3.72,3.5561,-3.9989
5.3512,7.7153,-2.3944
-0.56653,17.663,7.9053
3.1951,2.9017,-10.821
-1.209,7.182,-10.817
6.4356,4.5881,-9.6325
-8.9755,17.026,2.0305
0.7125,12.439,7.7293
2.6457,6.2172,-4.5248
4.3284,13.094,5.7663
5.2339,13.32,-2.5632
-4.6619,6.8106,-9.4499
2.4005,9.435,7.1366
-7.4388,20.335,4.798
0.74291,13.411,14.065
6.2663,16.644,-0.10069
-7.5174,6.9928,4.7005
1.2816,19.576,-4.8051
3.0844,3.5345,13.567
3.2672,4.3226,-4.2578
-8.7562,3.9902,2.6054
4.9303,9.2368,-2.9478
-0.57366,4.5196,7.9056
1.8499,18.666,7.3801
1.1414,4.353,-4.8118
4.8266,11.294,-3.0648
3.8543,1.2393,-3.9103
4.3651,13.508,-3.5161
6.2716,17.386,2.0557
12.545,10.503,-0.24248
-8.996,0.38712,1.9701
5.8943,15.36,3.4048
-1.2605,15.095,7.9122
8.8646,10.785,-7.8511
0.23876,10.201,-4.7566
6.1151,8.8779,-0.75089
12.406,12.935,3.2364
-3.5893,3.994,-10.029
3.6041,18.717,6.3951
3.3559,5.9767,-10.787
11.982,1.6959,-2.9031
7.2499,4.3204,-9.14
6.3522,3.0022,0.65417
-5.0976,16.79,-9.1658
-9.3511,0.75457,0.54254
8.5355,8.248,-8.1533
8.4635,5.1328,10.462
12.587,9.9358,1.689
11.616,2.878,5.9197
3.0768,11.416,-10.844
5.7523,1.924,3.7363
-5.1909,2.3604,-9.1009
-6.4434,3.8974,-8.0631
-0.4269,3.9847,-10.948
6.1087,12.887,-0.77268
-1.0807,19.556,-10.843
-9.454,1.3763,-1.659
5.6011,8.4214,-1.9853
0.71514,8.0336,-11.037
-7.6887,7.7334,4.4775
10.817,11.652,7.5197
3.9076,14.725,-10.653
0.84137,20.036,-4.8125
11.552,18.207,-4.0203
12.387,0.34754,-1.3381
6.1423,6.2721,2.6534
2.6831,6.3054,-10.912
-7.9015,14.527,-6.2858
6.0221,19.395,12.285
0.77576,1.4881,-4.8101
6.9628,14.133,11.682
6.313,9.6133,1.7706
6.3434,5.591,0.51646
12.122,10.211,4.4702
6.0293,7.0462,3.0331
-0.043826,9.7911,7.8594
-9.4087,1.8479,0.14118
1.6893,8.3178,-11.019
0.61618,6.5434,-11.034
11.951,13.659,-2.9972
6.1985,12.987,2.4256
9.2454,8.511,9.6635
5.7227,5.1127,3.7998
3.6931,2.7022,6.3266
12.51,16.912,2.5497
11.902,20.944,-3.1378
9.5349,3.7759,9.331
12.317,20.336,-1.6804
8.7483,14.44,-7.9606
10.526,15.398,7.9915
10.988,11.385,-5.1363
3.0555,14.24,-4.3595
2.0599,6.3161,-4.6938
-1.4985,1.6887,7.9006
1.894,5.386,7.3625
-2.5238,8.9951,7.7684
8.1145,18.534,10.779
3.8942,12.775,-3.8829
12.299,11.129,-1.7593
-9.0092,9.0814,1.9306
5.9158,2.7211,-1.3263
-0.42321,4.9799,-10.949
1.9324,6.8078,7.3469
11.268,6.8652,-4.6177
5.344,1.1071,-2.4051
4.6377,18.896,5.4392
-0.10869,11.779,7.867
6.3298,16.07,0.36006
3.8013,9.0975,-3.946
11.981,16.798,-2.9072
3.5883,11.02,-4.0804
4.1653,6.5909,5.9231
5.5347,10.05,-2.1016
5.7158,0.030142,-1.7685
4.7401,15.292,12.946
4.1321,17.52,-3.7079
6.2567,8.7979,-0.15384
1.6988,2.3736,13.912
-4.0976,8.6506,7.2936
6.3499,3.2602,0.61376
-8.8704,6.5291,-4.3533
11.527,9.3854,-4.0765
-1.9469,7.816,-10.638
0.99462,14.426,7.6606
5.4239,8.0816,4.3625
-4.2187,3.7962,-9.7087
3.7673,19.588,-10.69
8.9529,15.648,9.9782
-7.0894,8.8028,5.1999
3.2642,17.221,-4.2594
8.5246,11.01,-8.1629
4.0145,3.0769,-3.7969
5.7967,10.202,-1.601
2.7947,13.946,-4.4694
-9.0973,14.441,1.6488
-3.0484,1.4366,7.6481
6.3574,13.198,0.77496
-7.0486,8.3227,-7.4225
5.104,9.329,4.8538
-9.0629,5.7628,-3.7812
6.2453,5.475,2.2022
6.1927,16.846,2.451
-5.9261,14.057,6.2499
11.636,13.986,5.8717
-3.1767,8.4031,-10.211
10.78,5.005,7.5815
6.2881,15.238,1.9526
11.861,11.117,5.2871
3.0468,2.0518,-10.85
8.0914,3.5566,10.799
-9.4761,19.065,-0.84434
12.554,2.5439,-0.14856
11.359,4.2418,6.4965
4.4871,0.3967,13.057
-9.4759,4.9504,-0.83223
3.0197,5.935,-10.855
12.103,10.559,-2.5142
6.2032,9.2863,-0.41201
1.3442,8.3558,-4.8008
-9.2878,7.5706,0.88472
2.0632,13.062,13.836
11.467,6.5154,6.2631
4.7371,16.436,5.3248
-2.3817,20.995,7.7948
4.1478,10.593,-3.6957
-8.1265,17.181,-5.9203
11.52,11.705,-4.0927
-7.5508,2.5359,4.6582
-4.0209,1.5598,7.325
4.7962,9.9402,-10.374
1.853,12.822,-4.7357
-5.9824,1.0505,-8.4844
-9.1733,6.2112,-3.3866
-6.142,19.616,6.0826
5.0332,18.281,-10.285
-5.0189,10.204,-9.2195
6.36,11.92,1.102
4.8954,16.251,12.875
0.82931,18.134,7.7022
4.5502,10.938,13.03
7.4269,2.0392,-9.0203
4.4719,5.0865,-3.4207
-7.0978,3.2847,5.1907
6.3524,5.9705,1.3196
12.371,0.86072,-1.4197
-7.9405,20.427,4.1208
-9.0699,6.5229,1.7398
5.0977,14.391,-2.7441
-7.8147,2.8182,-6.418
-0.75783,7.6641,7.9133
0.41303,2.4664,-4.7808
-9.4762,4.5888,-0.85071
6.3562,8.7583,0.74137
6.0389,5.4759,3.0041
2.8333,0.71776,-4.4542
6.4571,3.8646,12.02
5.2433,19.152,-2.55
1.6874,0.52254,7.4421
-7.5643,9.5537,-6.7757
6.1021,17.698,-0.79482
4.3013,7.8667,-3.5708
3.8192,10.052,-10.677
-1.0622,18.847,7.9164
12.33,12.532,-1.6194
-2.035,5.9435,7.8481
10.617,12.076,7.8491
6.3609,1.4201,1.0238
4.9172,1.0189,-2.9629
0.4649,18.752,-4.7867
11.485,18.01,-4.1689
-7.0379,2.0611,-7.4349
-9.389,14.662,0.29326
-3.7306,14.947,-9.9616
6.3318,17.369,0.3803
5.5375,12.351,4.163
-9.4296,11.586,-1.9454
0.97592,4.9671,-4.8145
7.89,11.107,10.971
8.4759,15.034,10.451
-8.8965,11.705,-4.282
7.2219,2.3449,-9.1584
3.1271,12.896,13.554
-3.1107,20.284,-10.238
4.1791,17.964,5.9102
-8.5579,15.373,3.0437
-7.3239,14.124,4.9356
1.2405,1.7318,-4.8075
6.4828,5.6705,-9.6064
1.1693,17.806,7.6123
-3.1495,2.014,-10.223
-8.7256,2.7395,-4.7205
12.323,4.6269,-1.6527
12.27,6.6504,-1.8836
12.468,13.816,-0.86208
11.772,14.255,5.5285
-8.8872,8.8593,2.2762
-3.9315,10.795,7.3604
12.452,5.8501,-0.96446
12.187,15.373,4.2294
6.3323,17.447,0.38607
-9.3227,17.797,0.70505
-2.0287,7.2284,7.849
12.51,11.251,-0.55372
-8.7168,0.66238,-4.7415
3.1397,13.352,-4.3205
3.2955,18.901,-4.2433
-1.8367,3.162,-10.668
-9.4019,2.6826,0.19566
5.0343,20.967,-10.285
1.5863,17.594,-4.7765
-0.48548,15.168,7.9005
9.5231,19.075,9.3449
0.91745,4.852,-11.04
-9.1979,7.3799,1.2799
5.9219,6.3992,-1.3111
4.0678,9.5076,-3.7572
6.8196,9.9102,11.781
4.4792,14.405,-3.414
5.2174,17.5,4.6897
10.578,19.679,7.9102
10.881,4.3004,-5.3197
-8.2922,11.077,3.5502
5.3983,9.7557,-2.3228
-1.5814,4.6652,7.8948
4.9053,11.211,-2.9766
12.475,20.677,-0.81465
-9.4046,20.117,-2.169
7.7422,20.203,11.093
5.445,1.5054,-2.2495
5.1365,16.254,-2.694
0.79074,14.43,-11.039
-8.9646,5.2576,2.062
1.3229,9.8803,-11.036
12.249,6.2245,-1.9707
-9.4628,9.387,-0.47057
-9.4527,4.1133,-0.31275
1.4932,5.1597,-4.7873
-9.0988,11.259,1.6435
5.9607,19.561,3.2305
-9.4546,10.323,-1.6515
11.991,17.031,4.9024
9.7573,20.889,-6.9005
0.66963,14.099,7.7387
3.4747,18.983,13.442
-8.4716,14.133,-5.2795
0.40101,8.4271,7.7923
3.9079,9.0914,-3.8734
7.6173,0.19263,11.194
10.027,16.824,8.7093
5.7049,8.6046,-1.7901
-9.3839,11.714,-2.3253
-9.4471,20.86,-0.24023
-8.7202,2.2456,2.6898
1.1245,13.531,-4.8123
-7.6737,3.0306,-6.6235
10.971,18.555,7.2507
1.6385,15.727,-11.022
-1.3695,8.3653,-10.783
10.763,20.674,-5.5131
5.4978,18.72,-2.1638
4.8939,2.8684,-2.9895
2.1951,4.6257,-10.976
9.4963,7.1819,9.3766
11.028,16.38,-5.0658
12.135,4.0683,4.4223
-3.0478,18.624,-10.264
-4.3266,19.322,-9.6483
-1.2973,20.285,-10.798
-6.2463,2.7747,-8.2495
2.2458,15.861,7.2104
2.4695,2.2202,-10.942
4.6099,10.615,5.4704
12.282,15.823,-1.8357
4.5783,17.171,5.5053
-9.3774,7.916,-2.3703
2.9235,0.50524,-4.4172
9.1817,16.399,9.7338
5.0217,5.5494,4.9669
-9.2283,1.2659,-3.1615
0.89559,15.564,7.686
11.946,9.5175,5.0396
-4.1268,14.451,-9.7588
-5.1427,6.3854,6.7721
12.522,1.517,2.4513
-9.2431,8.6644,-3.0966
12.288,11.62,3.8175
-8.797,19.285,-4.5448
-7.0301,14.509,-7.4437
-8.6377,15.928,2.8747
1.439,16.992,7.5289
6.2183,6.9109,-0.34436
-4.1227,20.988,7.2832
12.36,9.225,3.4815
1.4532,17.679,-4.7913
-9.4772,6.1222,-0.96544
-3.4931,11.31,7.517
-8.6518,15.453,2.8438
-0.42765,16.353,-10.948
6.2564,19.659,2.143
4.2111,0.27792,5.8801
8.4206,16.393,10.502
6.6282,6.7075,-9.5242
5.5528,9.4978,4.135
9.6693,14.156,-7.004
11.549,4.3635,6.078
1.3329,12.933,-4.8016
5.6719,5.6503,3.9049
12.211,8.2771,4.14
-2.1142,13.694,7.8373
-9.03,8.8614,-3.8877
-3.1397,15.924,7.6234
6.883,15.971,11.738
5.0688,1.4337,-2.7807
12.418,20.807,3.1699
-5.1928,14.84,6.7424
-8.492,3.4409,3.177
6.3538,6.6549,1.291
-7.6438,8.4235,-6.6657
-9.4546,18.311,-1.6501
0.67486,17.614,-4.8048
0.07484,2.4657,7.8441
0.40696,18.036,-4.78
12.201,0.95563,4.1781
6.3503,12.88,0.62053
5.1833,7.6725,4.7402
2.6937,14.137,13.68
1.5911,15.986,-11.025
-0.45745,3.4631,7.8986
-7.3233,18.676,-7.0915
8.0911,15.179,-8.5269
6.1962,0.52579,-0.44208
-6.9228,19.696,5.3752
-0.87588,6.882,7.9159
0.69894,15.941,-11.037
5.0938,13.554,4.8681
-2.4682,13.117,-10.477
-9.2733,0.34755,-2.9576
-4.4198,18.265,7.152
-9.2009,0.48223,1.2679
4.0549,5.1369,6.0239
4.6073,7.1762,-10.44
0.83796,3.5456,7.7001
12.589,15.854,1.6562
-6.5404,9.2783,5.7434
-0.36441,12.199,-10.956
9.2405,17.053,-7.4762
5.3836,18.857,4.4295
-8.3338,16.301,3.476
0.048363,0.68362,14.134
1.2919,13.282,7.5757
5.8888,0.8049,3.4187
5.6205,13.16,-1.9502
5.8131,16.397,3.6003
-9.2655,20.366,0.99056
-0.25291,12.685,7.882
-7.6982,14.009,-6.5885
2.1226,2.173,-4.6793
-7.3403,19.744,-7.07
2.0648,11.849,-10.989
4.6981,16.123,12.965
8.4791,20.81,10.448
6.2607,1.0237,-0.13217
3.3816,2.6071,6.5572
-9.0225,10.84,1.8899
11.541,1.9768,-4.0445
-2.5582,16.087,-10.447
0.93641,17.416,-4.8143
-8.1568,3.7378,-5.8683
0.83599,14.279,-11.04
-1.6682,16.769,-10.712
-0.8328,6.4514,7.9151
6.3546,14.991,1.2749
1.3543,14.53,13.975
-9.4686,9.8828,-1.4018
6.3545,4.6231,1.2751
8.7384,12.459,-7.9697
5.8521,7.0357,-1.4779
9.1197,13.48,-7.6003
11.56,14.39,6.0521
-7.2807,6.3575,-7.1447
3.1715,3.3447,6.699
-7.4935,1.4156,4.7304
-9.3483,17.06,-2.5572
5.0125,17.088,4.9792
5.9522,4.1719,3.2537
4.9386,10.757,5.0764
2.6278,15.108,7.0201
0.77854,3.1509,-4.8103
-1.1158,9.6252,-10.836
6.0904,5.8659,-0.83357
-1.1135,16.053,7.9158
10.608,7.6898,-5.756
11.1,11.571,-4.9358
-7.8797,19.704,4.2103
-6.6522,20.166,-7.8543
2.9458,12.753,6.84
-9.1206,8.7271,1.5683
-1.4939,4.1911,-10.754
3.884,11.929,-3.8899
6.2738,8.7176,2.0427
6.598,17.625,-9.5415
-7.0792,5.321,-7.387
-4.2353,5.7626,-9.6995
3.0171,14.99,-10.855
5.4861,1.5446,-10.099
1.004,18.954,7.6581
5.7631,6.3994,3.7128
3.9424,13.108,-3.849
-1.1327,6.0932,-10.832
3.9123,9.9245,-3.8703
2.3756,3.3438,-10.954
11.742,4.8167,-3.5657
12.005,8.9332,4.8575
12.334,18.369,-1.5991
-6.1677,1.8547,-8.3211
9.0462,15.087,9.88
4.5318,10.855,-10.465
3.2405,12.776,-4.2713
6.208,0.54083,-0.391
1.27,17.149,-11.037
-9.3949,11.133,-2.2448
5.744,19.688,3.7544
-2.7193,6.7848,7.7279
-7.9511,15.708,-6.2082
-1.0198,4.1547,-10.854
9.5436,14.282,9.3207
-0.20224,18.276,7.8771
-9.4614,16.607,-0.44638
7.6406,5.4499,-8.8695
9.4393,11.364,9.4432
-2.2049,3.9076,7.8239
-9.0093,20.186,-3.9525
5.2589,18.91,-2.5283
10.905,9.8974,7.3671
1.9614,11.212,7.335
-0.20354,5.283,-10.975
12.419,13.658,-1.1583
-1.3321,16.143,-10.791
-1.931,17.506,7.8612
3.426,4.2524,-4.1737
5.9618,19.801,-1.209
2.6473,10.269,-4.5242
-9.0048,11.707,-3.9665
-7.0355,6.571,-7.4375
-4.087,2.1004,-9.7801
-3.5983,7.904,-10.025
-8.6,13.075,-5.0086
3.274,12.769,-4.2544
-1.4702,1.9998,-10.76
1.8736,6.622,7.3706
-9.4767,11.185,-0.88589
5.8257,17.066,3.5711
-3.7523,19.735,-9.951
3.077,14.863,-10.844
-8.9992,2.2103,-3.9837
0.060088,17.37,-4.7247
4.1372,12.484,5.9492
5.4718,4.2066,4.2803
6.0028,11.629,-1.0976
1.6914,14.276,-4.7622
-9.4768,16.654,-0.89534
-5.5922,19.71,-8.8037
3.4024,15.59,-4.1866
2.5667,4.2241,7.0524
10.484,16.942,-5.9424
-1.7958,0.74438,7.876
5.0716,12.464,12.791
1.1145,7.8942,-11.04
-9.2804,4.5431,0.92049
12.601,20.672,0.65656
0.1359,20.292,7.8355
4.6823,9.9744,-3.2173
2.0347,9.8875,-4.6994
5.2518,14.614,4.638
1.1093,1.9273,-4.8127
0.72106,1.1283,-11.037
-0.21733,6.4616,-10.974
-9.1892,1.6823,1.3143
12.518,0.46856,2.4896
-0.74389,19.342,7.9128
2.4708,6.6111,-10.942
0.9434,8.2933,-11.041
2.9373,16.024,6.8451
12.541,14.802,-0.2775
-2.9359,4.1582,-10.308
2.4963,11.869,-10.939
-2.9379,18.099,-10.307
2.4415,9.0911,-4.5924
-9.0378,16.799,-3.8629
-1.0619,10.461,7.9164
1.9436,20.913,7.3423
-8.6216,4.3759,2.9095
-3.4207,10.254,7.5402
12.413,17.744,-1.1972
-9.3258,7.6199,-2.6876
2.3694,16.772,7.1518
-8.3486,20.401,3.4491
6.3218,12.353,-9.6943
-9.0008,1.885,-3.9788
11.181,14.517,6.8585
-8.7021,2.8935,2.7313
-4.2785,9.575,7.2161
3.276,15.536,6.6298
-7.1404,11.467,-7.315
9.2809,5.8782,-7.4339
5.4446,8.3437,-2.2502
1.7012,7.3665,7.437
11.545,8.0002,6.0871
-1.7559,1.4215,-10.69
5.9276,8.5609,3.3192
-8.5555,4.3479,3.0486
6.3411,13.802,1.4916
1.8791,6.1766,7.3685
-9.3043,13.382,0.80202
-5.8221,11.025,6.3267
-3.4008,13.856,7.5465
12.409,14.08,-1.2185
-7.6193,13.599,-6.6999
11.366,5.1907,6.4832
6.3494,13.859,0.60484
-3.4898,17.85,-10.075
-8.4247,0.28381,-5.3737
12.323,9.0563,-1.6505
-9.4749,3.4189,-1.2064
-9.2071,9.8865,-3.2511
-9.3757,18.374,0.38592
4.2956,17.634,5.7986
5.1697,17.542,12.743
5.016,9.1544,4.9745
-9.3971,18.77,0.2333
9.1449,6.2435,9.7739
-5.6017,20.764,6.4814
12.351,2.26,3.5267
2.5559,17.418,7.058
-0.61883,4.496,7.9079
4.1335,4.2583,-3.7068
11.04,5.0441,-5.0438
6.2119,20.928,2.3654
0.99218,12.174,7.6612
-2.699,4.7875,7.7323
4.7073,12.617,-10.405
12.46,8.3281,2.9159
12.174,20.136,-2.2621
12.3,11.741,-1.7539
12.185,5.4168,-2.2204
1.9173,16.143,13.868
6.3132,7.0406,0.21172
5.7615,18.731,3.7163
2.6773,3.1499,-10.913
6.2919,1.1697,1.9271
1.1398,11.401,-11.04
1.9737,20.583,-10.997
4.2976,12.659,5.7967
-7.284,13.093,4.9822
-8.9742,18.968,-4.0593
-9.3769,7.9678,0.37786
-6.9268,14.363,5.3711
7.9471,1.1748,-8.6401
7.5724,20.307,11.229
-8.7337,8.2163,2.6583
1.3108,17.325,7.5699
5.2112,10.596,12.723
3.6098,7.5871,6.3908
2.8336,10.233,-4.4541
6.2326,6.1568,-0.27692
6.3223,10.911,0.28921
-8.1898,12.715,3.7266
11.538,17.178,6.1038
3.3785,7.9521,13.474
0.98257,8.6461,-4.8145
6.2702,14.161,-0.078117
-2.4574,19.927,7.7811
6.1032,0.28166,12.237
4.928,15.038,-10.325
-9.1353,11.64,1.5163
5.425,3.4489,4.3605
0.48643,3.1406,-4.789
1.0823,8.2396,-11.04
-9.3614,5.0745,-2.4763
5.6797,1.196,3.8891
1.1764,16.486,-4.8105
-0.04439,5.9282,7.8595
-1.9516,5.8598,-10.637
0.15274,5.885,-4.7421
6.3557,11.79,0.72781
6.9192,14.437,11.712
11.595,5.9463,5.9715
-5.5215,17.818,-8.8583
6.1782,7.1184,2.5121
6.0854,1.3649,2.855
7.9474,15.771,-8.64
0.2525,14.859,-4.7587
-3.2111,13.466,-10.197
0.19939,15.109,-4.7502
6.2442,6.7579,2.208
-8.6296,17.199,2.8922
5.3316,13.056,-2.4234
-9.1125,2.8404,1.5965
4.4259,8.257,13.083
12.027,12.516,4.7886
12.588,17.746,0.32522
3.5772,4.4455,-10.737
-7.9929,5.591,4.0417
3.6545,11.172,13.38
6.1234,8.6554,-0.7221
-6.0924,9.5595,6.1221
1.0846,6.1548,-11.04
3.4932,1.4163,6.4775
-0.30763,4.4488,-10.963
9.6838,13.622,-6.9871
4.6701,3.9236,5.4024
-7.7641,13.325,-6.4929
-8.9207,20.646,-4.2144
-8.4011,19.132,-5.4199
12.323,12.988,3.66
2.6956,3.9676,13.68
3.1011,3.839,-4.3386
-6.2086,17.038,-8.284
2.414,15.6,13.753
-8.0821,7.5361,-5.9953
-1.0296,16.043,-10.852
0.6515,7.8016,-11.035
0.64939,7.9206,-4.8031
6.781,3.1719,11.807
-5.2833,15.777,6.6874
-1.8201,5.4381,7.8735
4.7065,0.69062,12.961
6.3063,5.36,0.15798
6.0033,15.366,-1.0964
2.6198,7.4396,7.0244
10.509,4.9842,-5.9054
2.6202,1.9378,7.0242
-9.403,2.8454,0.18755
-9.47,10.807,-1.3658
11.375,4.4901,-4.403
-0.80884,19.631,-10.891
9.7726,20.489,-6.8823
12.549,6.8231,-0.19706
-8.0116,8.4348,-6.1113
4.9247,18.873,5.0943
-0.011812,1.7655,7.8555
10.103,16.419,-6.4696
5.1535,2.2394,4.7835
-1.2588,12.925,7.9122
5.9907,8.3019,-9.8648
7.8881,7.9672,10.973
11.188,19.148,-4.7716
2.1023,7.037,-4.6841
-4.2444,3.0666,7.2311
12.533,20.937,2.3494
-8.6337,3.0662,2.8833
8.0915,2.1819,10.799
4.5571,12.852,-3.3409
8.2305,15.896,10.676
-9.0356,14.67,-3.8697
2.7135,16.038,-4.5002
5.4414,1.5071,4.3327
-9.4624,1.0784,-1.5256
10.864,19.397,7.4395
-8.7955,6.5063,-4.5486
-0.95745,6.3361,-10.866
-1.5651,12.073,7.896
-9.4053,5.0717,0.16885
11.806,5.6496,5.4387
6.2828,5.3545,-0.0026107
0.47072,4.0657,-4.7873
11.743,0.99603,5.6036
1.4287,16.762,13.962
11.323,13.314,-4.5073
-7.0891,13.632,-7.3754
-5.9027,11.536,6.2674
-1.7927,18.977,-10.68
12.073,0.092863,-2.6144
4.3003,11.303,5.794
-9.2424,14.133,1.0944
4.97,2.9016,-10.309
3.7118,7.234,6.3119
-5.6009,1.528,-8.7969
11.802,19.949,-3.411
12.302,5.9074,-1.7447
-0.16214,0.62313,-10.98
-0.11961,5.5349,-10.984
6.2244,17.414,2.3066
4.7857,10.654,-10.377
5.8456,19.364,-1.4926
12.496,1.621,-0.66409
2.9108,9.6404,-10.874
3.4695,12.968,-4.1494
6.36,17.226,0.87479
-8.7702,17.634,2.5718
-2.5734,6.5506,-10.441
2.9179,11.111,6.8566
9.6425,20.195,9.2015
1.4722,7.0831,-4.7894
11.687,17.552,-3.7022
6.2623,6.3311,-0.12341
12.271,14.777,3.8918
0.17771,5.1325,7.8293
11.454,16.292,-4.2358
3.7421,18.719,-3.9847
-7.2085,11.923,-7.2333
-0.097041,3.2699,-10.986
6.3599,5.6513,1.1075
-2.9249,8.1438,-10.312
0.91321,17.156,-11.04
6.361,8.7,0.99898
12.602,11.314,1.3091
6.2623,8.5259,-9.7259
-5.0409,12.865,-9.2046
-8.8674,7.2039,2.3285
11.948,17.731,-3.0046
8.8735,19.723,-7.8426
3.5742,11.716,-4.0888
-8.7849,13.548,2.5362
4.1033,5.8632,-3.7301
-7.1719,16.555,-7.2775
-3.3976,17.185,7.5475
4.9285,19.173,5.0894
1.8793,17.168,-11.005
6.1782,6.0113,-0.51643
-1.3391,10.32,-10.789
12.606,7.0229,1.0617
6.0104,10.372,-9.855
-8.9668,1.2628,2.0557
10.098,19.216,8.6141
5.7279,3.9556,12.452
-5.3003,5.5901,-9.0229
1.175,17.2,-4.8105
-3.1495,10.789,7.6207
6.3489,16.407,1.3816
-6.4274,6.6925,-8.0786
0.416,13.912,7.7895
10.29,0.57247,-6.2187
-8.9883,13.198,-4.017
2.5808,4.5781,-4.5473
9.41,8.1025,-7.2956
-7.9263,4.5821,4.1419
-9.467,11.957,-0.55259
1.1751,5.6998,-4.8105
12.072,1.7551,4.6416
5.554,12.305,4.1327
1.6914,4.1164,-4.7622
10.548,10.983,-5.8478
10.162,19.659,8.5245
1.5455,3.5284,7.4929
5.9896,16.435,-1.1343
11.876,16.708,5.2432
8.947,1.2495,-7.7718
2.4074,15.141,-10.95
-8.3715,1.3296,-5.4774
-9.3359,9.616,-2.6305
4.7466,15.647,5.3136
7.0221,14.973,-9.2871
4.1825,15.857,-3.6682
-4.5297,16.17,-9.5302
-2.1245,9.8651,7.8359
5.787,10.643,-1.6219
3.6173,19.92,6.3851
-0.011512,16.18,-10.995
6.3108,0.74104,1.7885
-4.6129,4.7578,-9.48
0.087164,18.844,-11.003
1.5216,10.981,-4.7842
2.0755,10.052,-4.6903
2.7389,1.8103,-4.4907
2.9129,7.2526,-4.4217
12.486,11.522,2.7347
-4.1363,9.0493,7.2775
6.3196,9.4091,0.26586
9.5645,19.713,9.2956
2.6825,0.61255,-10.912
-4.3391,14.602,-9.6412
7.1154,6.5652,11.574
6.541,8.8286,11.966
-0.31162,15.839,7.8873
-2.1449,5.9874,7.8329
6.0413,11.439,2.9964
4.4452,5.0448,5.6476
-9.355,2.1964,0.51883
0.77717,13.435,14.06
4.1775,10.959,-3.6722
5.052,10.126,12.8
6.1623,18.805,-0.57925
0.23457,3.9378,14.119
-2.4321,10.688,7.7857
-9.3872,5.4549,0.30592
6.28,14.655,-0.019748
6.0849,4.6275,-9.8176
2.1782,0.58323,7.2413
-8.3062,3.8183,3.5254
0.18617,12.259,7.828
-7.4743,15.562,-6.8966
2.8792,0.80274,-4.4356
3.35,15.916,-4.2148
11.332,9.307,6.5531
-6.9429,16.639,5.3546
10.58,19.539,-5.7985
-9.4253,6.3673,-0.0050034
0.40439,20.587,7.7916
9.8371,18.294,-6.8046
-8.2483,15.595,3.627
5.4405,5.6998,-2.2567
11.213,7.6072,6.7953
2.6837,11.53,6.9899
2.1632,13.67,-10.979
10.72,20.108,7.6814
6.139,13.647,2.666
-3.0401,6.9301,7.6503
-9.4618,20.347,-0.45419
12.553,12.734,-0.15029
1.4709,17.659,13.955
-4.9857,13.636,6.8623
11.479,5.2561,6.2376
11.034,9.428,7.136
-5.5648,4.9803,6.5064
4.4386,18.651,-3.451
5.9937,17.375,3.1382
-9.2754,13.9,0.94429
11.792,17.883,5.4739
-4.8075,6.1739,6.9594
12.606,15.129,1.0927
2.9462,3.3229,-10.868
-5.3006,10.954,6.6768
11.609,1.5504,5.9361
5.0339,2.2629,-2.8241
2.385,18.66,13.76
10.966,7.41,-5.1748
12.154,12.57,4.3557
6.361,7.7904,0.99181
2.4686,9.6666,7.1027
4.864,9.5426,-3.0233
